po_number,vendor_name,order_date,delivery_date,description,quantity,unit,unit_price,subtotal,tax_amount,shipping_amount,total_amount,payment_terms,status,notes
PO-2024-001,PRG Lighting,2024-01-15,2024-01-20,Lighting Package Rental,1,package,15000.00,15000.00,1237.50,500.00,16737.50,net_30,pending,Main stage lighting
PO-2024-001,PRG Lighting,2024-01-15,2024-01-20,Truss System,4,section,500.00,2000.00,0.00,0.00,0.00,net_30,pending,Included in package
PO-2024-002,Sound Image,2024-01-15,2024-01-20,PA System Rental,1,package,22000.00,22000.00,1815.00,750.00,24565.00,net_30,pending,Full PA with subs
PO-2024-003,SGPS Staging,2024-01-16,2024-01-20,Stage Deck 40x32,1,package,8500.00,8500.00,701.25,0.00,9201.25,net_15,approved,Includes risers
,,,,,,,,,,,,,,,

---IMPORT INSTRUCTIONS (delete this section before importing)---
FIELD DEFINITIONS:
- po_number: Purchase order number (e.g. PO-2024-001)
- vendor_name: Vendor company name
- order_date: Date ordered (YYYY-MM-DD format)
- delivery_date: Expected delivery date (YYYY-MM-DD format)
- description: Item/service description
- quantity: Number of units
- unit: Unit type (each, package, day, hour, etc.)
- unit_price: Price per unit (decimal, no currency symbol)
- subtotal: Line subtotal (quantity x unit_price)
- tax_amount: Tax amount (for PO total, not per line)
- shipping_amount: Shipping cost (for PO total, not per line)
- total_amount: Total including tax and shipping
- payment_terms: net_30 | net_15 | net_60 | due_on_receipt
- status: draft | pending | approved | ordered | received | closed | cancelled
- notes: Additional notes

HOW TO USE:
1. Use same po_number for all line items on one PO
2. Put tax/shipping/total on first line item only
3. Use decimal format for amounts (e.g. 1500.00)
4. Delete this instruction section before importing
5. Import via ATLVS > Settings > Data Import > Purchase Orders
