phase,milestone,target_date,actual_date,owner,status,dependencies,priority,notes
PRE-PRODUCTION,Contract Signed,,,Producer,not_started,,high,
PRE-PRODUCTION,Venue Confirmed,,,Producer,not_started,Contract Signed,high,
PRE-PRODUCTION,Budget Approved,,,Finance,not_started,Contract Signed,high,
PRE-PRODUCTION,Talent Confirmed,,,Talent Buyer,not_started,Budget Approved,high,
PRE-PRODUCTION,Production Design Complete,,,Production Manager,not_started,Venue Confirmed,high,
PRE-PRODUCTION,Marketing Launch,,,Marketing,not_started,Talent Confirmed,high,
PRE-PRODUCTION,Tickets On Sale,,,Box Office,not_started,Marketing Launch,high,
PRE-PRODUCTION,Vendor Contracts Signed,,,Production Manager,not_started,Budget Approved,medium,
PRE-PRODUCTION,Crew Hired,,,Production Manager,not_started,Budget Approved,medium,
PRE-PRODUCTION,Permits Obtained,,,Operations,not_started,Venue Confirmed,high,
PRE-PRODUCTION,Insurance Secured,,,Operations,not_started,Venue Confirmed,high,
PRE-PRODUCTION,Advancing Complete,,,Production Manager,not_started,Talent Confirmed,high,
PRODUCTION,Load-In Begins,,,Production Manager,not_started,All Pre-Production,high,
PRODUCTION,Sound Check Complete,,,Audio Engineer,not_started,Load-In Begins,high,
PRODUCTION,Doors Open,,,Operations,not_started,Sound Check Complete,high,
PRODUCTION,Show Start,,,Stage Manager,not_started,Doors Open,high,
PRODUCTION,Show End,,,Stage Manager,not_started,Show Start,high,
PRODUCTION,Load-Out Complete,,,Production Manager,not_started,Show End,high,
POST-PRODUCTION,Settlement Complete,,,Finance,not_started,Load-Out Complete,high,
POST-PRODUCTION,Final Invoices Paid,,,Finance,not_started,Settlement Complete,medium,
POST-PRODUCTION,Post-Mortem Meeting,,,Producer,not_started,Settlement Complete,medium,
POST-PRODUCTION,Archive Complete,,,Production Manager,not_started,Post-Mortem Meeting,low,

---IMPORT INSTRUCTIONS (delete this section before importing)---
FIELD DEFINITIONS:
- phase: PRE-PRODUCTION | PRODUCTION | POST-PRODUCTION
- milestone: Task or milestone name
- target_date: Planned date (YYYY-MM-DD format)
- actual_date: Completed date (YYYY-MM-DD format)
- owner: Person or role responsible
- status: not_started | in_progress | complete | blocked | at_risk
- dependencies: Prerequisite milestones (comma-separated)
- priority: high | medium | low
- notes: Additional notes

HOW TO USE:
1. Fill in target dates for each milestone
2. Update status as work progresses
3. Add actual dates when complete
4. Delete this instruction section before importing
5. Import via ATLVS > Settings > Data Import > Timeline
