code,discount_type,discount_amount,valid_from,valid_to,max_uses,uses_remaining,ticket_types,min_purchase,category,status,total_uses,total_discount,notes
EARLYBIRD,percentage,20,,,500,500,ga,1,marketing,active,0,0.00,Early bird discount
VIP20,percentage,20,,,100,100,vip,1,marketing,active,0,0.00,VIP discount
FRIEND10,fixed,10.00,,,0,0,all,1,marketing,active,0,0.00,Friend referral
GROUP15,percentage,15,,,50,50,all,10,marketing,active,0,0.00,Group discount
SPONSOR,percentage,25,,,200,200,all,1,partnership,active,0,0.00,Sponsor code
MEDIA,percentage,100,,,50,50,all,1,comp,active,0,0.00,Media comps
ARTIST,percentage,100,,,100,100,all,1,comp,active,0,0.00,Artist comps
STAFF,percentage,100,,,25,25,all,1,comp,active,0,0.00,Staff comps
INFLUENCER,percentage,50,,,20,20,all,1,influencer,active,0,0.00,Influencer discount

---IMPORT INSTRUCTIONS (delete this section before importing)---
FIELD DEFINITIONS:
- code: Promo code (case-insensitive)
- discount_type: percentage | fixed | bogo
- discount_amount: Discount value (percentage as integer, fixed as decimal)
- valid_from: Start date (YYYY-MM-DD format)
- valid_to: End date (YYYY-MM-DD format)
- max_uses: Maximum uses (0 = unlimited)
- uses_remaining: Remaining uses
- ticket_types: ga | vip | all
- min_purchase: Minimum quantity required
- category: marketing | partnership | comp | influencer | loyalty
- status: active | expired | disabled
- total_uses: Number of times used
- total_discount: Total discount given (decimal)
- notes: Additional notes

HOW TO USE:
1. One row per promo code
2. Use decimal format for fixed amounts (no $ symbol)
3. Delete this instruction section before importing
4. Import via ATLVS > Settings > Data Import > Promo Codes
