report_number,incident_date,incident_time,location,event_name,incident_type,severity,person_name,person_role,description,body_part_injured,injury_type,first_aid_provided,medical_treatment,transported_to_hospital,property_damaged,damage_value,root_cause,corrective_action,responsible_party,due_date,status
,,,,,,,,,,,,,,,,,,,,,
,,,,,,,,,,,,,,,,,,,,,
,,,,,,,,,,,,,,,,,,,,,

---IMPORT INSTRUCTIONS (delete this section before importing)---
FIELD DEFINITIONS:
- report_number: Unique report ID (e.g. INC-2024-001)
- incident_date: Date of incident (YYYY-MM-DD format)
- incident_time: Time of incident (HH:MM format)
- location: Location where incident occurred
- event_name: Name of event
- incident_type: injury_employee | injury_patron | injury_contractor | property_damage | theft | assault | medical_emergency | fire | electrical | slip_trip_fall | equipment_failure | security | weather | near_miss | other
- severity: minor | moderate | serious | critical
- person_name: Name of person involved
- person_role: employee | patron | contractor | vendor | other
- description: Detailed description of incident
- body_part_injured: Body part affected (if injury)
- injury_type: cut | bruise | fracture | burn | strain | other
- first_aid_provided: true | false
- medical_treatment: true | false
- transported_to_hospital: true | false
- property_damaged: Description of damaged property
- damage_value: Estimated value (decimal, no $ symbol)
- root_cause: unsafe_act | unsafe_condition | equipment_failure | lack_of_training | inadequate_procedures | environmental | human_error | other
- corrective_action: Description of corrective action
- responsible_party: Person responsible for action
- due_date: Due date for action (YYYY-MM-DD format)
- status: open | in_progress | closed

HOW TO USE:
1. One row per incident or per person involved
2. Use decimal format for damage values
3. Delete this instruction section before importing
4. Import via ATLVS > Settings > Data Import > Incidents
